{"loss": [0.39844366908073425, 0.26476040482521057, 0.2467828392982483, 0.23375304043293, 0.22518078982830048, 0.22412186861038208, 0.21318593621253967, 0.2089930772781372, 0.20819146931171417, 0.20522934198379517, 0.19570299983024597, 0.1925559937953949, 0.1879349648952484, 0.1826348453760147], "accuracy": [0.8384955525398254, 0.8938053250312805, 0.8993362784385681, 0.9045907258987427, 0.90625, 0.90625, 0.9095686078071594, 0.9162057638168335, 0.9137167930603027, 0.9153761267662048, 0.9167588353157043, 0.9192478060722351, 0.9228429198265076, 0.9247787594795227], "auc": [0.6029567122459412, 0.8571312427520752, 0.88043212890625, 0.894957423210144, 0.9023106098175049, 0.903821587562561, 0.9158306121826172, 0.917750358581543, 0.9187062978744507, 0.9216504693031311, 0.9298810362815857, 0.9310224056243896, 0.935720682144165, 0.9390235543251038], "val_loss": [0.2813575267791748, 0.25432807207107544, 0.24583427608013153, 0.23979294300079346, 0.23522168397903442, 0.23182213306427002, 0.23062914609909058, 0.22743181884288788, 0.22589688003063202, 0.22685085237026215, 0.22844451665878296, 0.2286309450864792, 0.2280721366405487, 0.23048171401023865], "val_accuracy": [0.8872928023338318, 0.8883978128433228, 0.8939226269721985, 0.8906077146530151, 0.8950276374816895, 0.8950276374816895, 0.899447500705719, 0.8961325883865356, 0.8983425498008728, 0.8983425498008728, 0.8972375392913818, 0.8928176760673523, 0.8939226269721985, 0.8983425498008728], "val_auc": [0.8613091707229614, 0.883084774017334, 0.8908035755157471, 0.8981561660766602, 0.8999387621879578, 0.903317928314209, 0.9034980535507202, 0.9069912433624268, 0.9087738990783691, 0.9079035520553589, 0.9070392847061157, 0.907813549041748, 0.9073513746261597, 0.906913161277771]}